Zeit/s,U_AB (V),U_mano (V),U_sample (V),U_field (V),U_AB (V) error,U_mano (V) error,U_sample (V) error,U_field (V) error,pressure_manometer/Pascal,temp_manometer/K,pressure_manometer error/Pascal,temp_manometer_lower/K,temp_manometer_upper/K,R_AB (Ohm),R_AB (Ohm) error,temp_corr/K,temp_corr error/K
0.0,0.089599574,0.00472194,7.8474e-05,0.000104209,7.979978700000001e-06,3.736097e-06,3.5039237e-06,3.50521045e-06,496.3740752713575,1.51063894037297,0.414823722093899,1.5104646360667564,1.5108131331909531,89599.57400000001,7.979978700000001,0.089599574,1.51063894037297
1.0,0.089598349,0.004749945,7.7867e-05,8.3747e-05,7.97991745e-06,3.73749725e-06,3.50389335e-06,3.50418735e-06,499.3179830673004,1.5118727442952122,0.4149753333453901,1.5116991641401136,1.5120462140643212,89598.349,7.97991745,0.089598349,1.5118727442952122
2.0,0.08959552,0.004742515,7.7909e-05,6.371e-05,7.979776e-06,3.73712575e-06,3.50389545e-06,3.5031855e-06,498.5369355785,1.511545947937982,0.4149351093997169,1.511372176420625,1.5117196087786682,89595.52,7.979776000000001,0.08959552,1.511545947937982
3.0,0.089599303,0.004706876,7.8076e-05,4.3591e-05,7.97996515e-06,3.7353438e-06,3.5039038e-06,3.50217955e-06,494.7905356520722,1.5099729536851525,0.4147421698035058,1.5097982565977277,1.5101475386839311,89599.30300000001,7.97996515,0.089599303,1.5099729536851525
4.0,0.089600995,0.004724451,7.7898e-05,2.3108e-05,7.980049750000001e-06,3.73622255e-06,3.5038949e-06,3.5011554e-06,496.63803358150255,1.5107497946620112,0.4148373159468715,1.510575555605323,1.510923922330036,89600.99500000001,7.980049750000001,0.089600995,1.5107497946620112
5.0,0.089604529,0.004747659,7.8003e-05,3.435e-06,7.98022645e-06,3.73738295e-06,3.50390015e-06,3.50017175e-06,499.0776769354837,1.511772240035821,0.4149629575796016,1.5115986010623117,1.511945768534039,89604.52900000001,7.980226450000001,0.089604529,1.511772240035821
6.0,0.089609223,0.004734249,7.7532e-05,3.061e-06,7.98046115e-06,3.73671245e-06,3.5038766e-06,3.50015305e-06,497.6680071071104,1.5111819206275905,0.4148903595834403,1.511007935571287,1.5113557946823517,89609.22300000001,7.98046115,0.089609223,1.5111819206275905
7.0,0.089603965,0.004721103,7.7741e-05,2.3471e-05,7.98019825e-06,3.73605515e-06,3.50388705e-06,3.50117355e-06,496.2860891679758,1.5106019789140657,0.4148191908095749,1.5104276528439082,1.51077619346277,89603.965,7.980198250000001,0.089603965,1.5106019789140657
8.0,0.089603737,0.004714041,7.839e-05,4.3373e-05,7.98018685e-06,3.73570205e-06,3.5039195e-06,3.50216865e-06,495.5437261308415,1.5102899249754962,0.4147809591131625,1.5101154149956593,1.510464323152928,89603.73700000001,7.980186850000001,0.089603737,1.5102899249754962
9.0,0.089601721,0.004726472,7.7898e-05,6.3399e-05,7.98008605e-06,3.7363236e-06,3.5038949e-06,3.50316995e-06,496.850482703288,1.5108389839344547,0.4148482570766435,1.5106647973483702,1.5110130592119082,89601.721,7.98008605,0.089601721,1.5108389839344547
10.0,0.089617798,0.00474223,7.7846e-05,8.4245e-05,7.9808899e-06,3.7371115e-06,3.5038923e-06,3.50421225e-06,498.5069761526173,1.5115334048782318,0.414933566489284,1.511359626009682,1.5117070730589348,89617.79800000001,7.9808899,0.089617798,1.5115334048782318
11.0,0.089634569,0.004708305,7.8369e-05,0.000104126,7.98172845e-06,3.73541525e-06,3.50391845e-06,3.5052063e-06,494.9407532646559,1.5100362004671604,0.4147499060105539,1.5098615407383598,1.5102107481644995,89634.569,7.981728450000001,0.089634569,1.5100362004671604
12.0,0.089618926,0.004711489,7.905e-05,0.000124141,7.9809463e-06,3.73557445e-06,3.5039525e-06,3.50620705e-06,495.2754578682009,1.5101770697769217,0.4147671432976365,1.510002493213536,1.5103515344360885,89618.926,7.980946300000001,0.089618926,1.5101770697769217
13.001,0.089602577,0.0047348,7.9929e-05,0.000136136,7.98012885e-06,3.73674e-06,3.50399645e-06,3.5068068e-06,497.7259286638168,1.5112062013080354,0.4148933425436107,1.5110322305071433,1.5113800611290893,89602.577,7.980128850000001,0.089602577,1.5112062013080354
14.0,0.089658365,0.004737147,7.9207e-05,0.000136614,7.982918250000001e-06,3.73685735e-06,3.50396035e-06,3.5068307e-06,497.9726471639803,1.5113096013262666,0.4149060485463691,1.5111356912127378,1.5114834005523294,89658.365,7.982918250000002,0.089658365,1.5113096013262666
15.0,0.089669889,0.004722042,8.0411e-05,0.000137298,7.98349445e-06,3.7361021e-06,3.50402055e-06,3.5068649e-06,496.3847975921997,1.5106434442938883,0.4148242742934224,1.5104691426394294,1.5108176344641646,89669.88900000001,7.98349445,0.089669889,1.5106434442938883
16.0,0.089669705,0.004708121,7.9647e-05,0.000137381,7.98348525e-06,3.73540605e-06,3.50398235e-06,3.50686905e-06,494.9214110388228,1.5100280575492613,0.4147489098859235,1.5098533930112763,1.5102026100484247,89669.705,7.983485250000001,0.089669705,1.5100280575492613
17.0,0.089681825,0.004717062,7.9835e-05,0.000137931,7.98409125e-06,3.7358531e-06,3.50399175e-06,3.50689655e-06,495.8612960451976,1.5104234599654005,0.4147973139637517,1.510249028720525,1.5105977795282015,89681.82500000001,7.98409125,0.089681825,1.5104234599654005
18.0,0.089698694,0.004725757,7.9626e-05,0.000138284,7.9849347e-06,3.73628785e-06,3.5039813e-06,3.5069142e-06,496.7753213365999,1.510807433423064,0.4148443862662591,1.510633228278344,1.5109815272308498,89698.694,7.9849347,0.089698694,1.510807433423064
19.0,0.089714869,0.004710183,7.9762e-05,0.000138471,7.98574345e-06,3.73550915e-06,3.5039881e-06,3.50692355e-06,495.1381701131036,1.5101192974039916,0.414760072978249,1.5099446867405937,1.510293796111008,89714.869,7.985743450000001,0.089714869,1.5101192974039916
20.0,0.089713644,0.004700875,7.9877e-05,0.000139042,7.9856822e-06,3.73504375e-06,3.50399385e-06,3.5069521e-06,494.1597057758554,1.5097071919812588,0.4147096820648806,1.5095323377818393,1.509881933851363,89713.644,7.985682199999999,0.089713644,1.5097071919812588
21.0,0.08971501,0.004726696,7.9249e-05,0.000139477,7.9857505e-06,3.7363348e-06,3.50396245e-06,3.50697385e-06,496.8740297608238,1.510848867538782,0.4148494697501066,1.5106746867658154,1.511022937011982,89715.01,7.985750500000001,0.08971501,1.510848867538782
22.0,0.089719444,0.004728737,8.0149e-05,0.000139976,7.9859722e-06,3.73643685e-06,3.50400745e-06,3.5069988e-06,497.0885812984607,1.5109389065438492,0.4148605191542949,1.510764778714534,1.5111129231541152,89719.444,7.9859722,0.089719444,1.5109389065438492
23.0,0.089726816,0.004708815,7.995e-05,0.000140276,7.9863408e-06,3.73544075e-06,3.5039975e-06,3.5070138e-06,494.99436486886685,1.510058769237757,0.4147526670081708,1.509884122836966,1.5102333036274838,89726.816,7.986340800000001,0.089726816,1.510058769237757
24.0,0.089734036,0.004710387,7.9825e-05,0.000140733,7.9867018e-06,3.73551935e-06,3.50399125e-06,3.50703665e-06,495.159614754788,1.5101283223807254,0.4147611773772957,1.5099537170449615,1.510302815768258,89734.03600000001,7.9867018,0.089734036,1.5101283223807254
25.0,0.089724908,0.004723655,7.995e-05,0.000141107,7.986245400000001e-06,3.73618275e-06,3.5039975e-06,3.50705535e-06,496.5543574306163,1.5107146581626576,0.4148330066251008,1.5105403984283978,1.5108888064767063,89724.90800000001,7.986245400000001,0.089724908,1.5107146581626576
26.0,0.089733819,0.00472243,7.995e-05,0.000141636,7.98669095e-06,3.7361215e-06,3.5039975e-06,3.5070818e-06,496.42558445971713,1.5106605761752896,0.4148263748170995,1.510486284606941,1.51083475627485,89733.819,7.986690950000001,0.089733819,1.5106605761752896
27.0,0.089746481,0.004719511,7.9992e-05,0.000141957,7.98732405e-06,3.73597555e-06,3.5039996e-06,3.50709785e-06,496.1187368662032,1.5105316632226635,0.4148105721660335,1.5103572957373328,1.510705919123308,89746.481,7.987324050000001,0.089746481,1.5105316632226635
28.0,0.089747414,0.00469318,8.0107e-05,0.000142238,7.9873707e-06,3.734659e-06,3.50400535e-06,3.5071119e-06,493.3508012770237,1.509366028985874,0.4146680234831908,1.509190972786454,1.509540972546124,89747.414,7.9873707,0.089747414,1.509366028985874
29.0,0.089757485,0.004705284,7.9919e-05,0.000142788,7.98787425e-06,3.7352642e-06,3.50399595e-06,3.5071394e-06,494.62318335029966,1.5099024752933017,0.4147335511599646,1.5097277365614814,1.510077101872711,89757.485,7.98787425,0.089757485,1.5099024752933017
30.0,0.089747847,0.004714327,8.0474e-05,0.000143109,7.987392350000001e-06,3.73571635e-06,3.5040237e-06,3.50715545e-06,495.5737906775166,1.5103025696256784,0.4147825074373162,1.510128067103684,1.5104769603566686,89747.84700000001,7.987392350000001,0.089747847,1.5103025696256784
31.0,0.089749625,0.004710387,8.017e-05,0.000143607,7.98748125e-06,3.73551935e-06,3.5040085e-06,3.50718035e-06,495.159614754788,1.5101283223807254,0.4147611773772957,1.5099537170449615,1.510302815768258,89749.625,7.98748125,0.089749625,1.5101283223807254
32.0,0.089766602,0.00469863,8.0222e-05,0.000143753,7.9883301e-06,3.7349315e-06,3.5040111e-06,3.50718765e-06,493.9237095965341,1.509607702607482,0.4146975282616456,1.509432789537487,1.5097825032579082,89766.602,7.9883301,0.089766602,1.509607702607482
33.0,0.089773335,0.004704121,8.0369e-05,0.000144406,7.98866675e-06,3.73520605e-06,3.50401845e-06,3.5072203e-06,494.50092786854,1.5098509773377904,0.4147272550026539,1.5096762081672996,1.5100256343092513,89773.335,7.988666749999999,0.089773335,1.5098509773377904
34.0,0.089751154,0.004716347,8.0296e-05,0.000144717,7.9875577e-06,3.73581735e-06,3.5040148e-06,3.50723585e-06,495.7861346785096,1.5103918612744276,0.4147934431533673,1.510217411403159,1.5105661994351605,89751.15400000001,7.9875577,0.089751154,1.5103918612744276
35.0,0.089765746,0.004711734,8.0578e-05,0.000145257,7.9882873e-06,3.7355867e-06,3.5040289e-06,3.50726285e-06,495.3012124623808,1.5101879062604524,0.4147684696592367,1.5100133360921577,1.5103623645343096,89765.746,7.9882873,0.089765746,1.5101879062604524
36.001,0.089769952,0.004695956,8.0076e-05,0.000145651,7.9884976e-06,3.7347978e-06,3.5040038e-06,3.50728255e-06,493.64261659720006,1.5094891541681836,0.41468305197218,1.5093141709108069,1.509664024898334,89769.952,7.9884976,0.089769952,1.5094891541681836
37.0,0.089762624,0.004694507,8.0379e-05,0.000145911,7.9881312e-06,3.73472535e-06,3.50401895e-06,3.50729555e-06,493.4902965687651,1.5094248929722571,0.4146752074907155,1.509249871650865,1.509599801708014,89762.624,7.988131200000001,0.089762624,1.5094248929722571
38.0,0.089771373,0.004726655,8.0275e-05,0.000146461,7.98856865e-06,3.73633275e-06,3.50401375e-06,3.50732305e-06,496.86971980832834,1.5108470585130152,0.414849247787553,1.5106728766760784,1.5110211290485631,89771.373,7.98856865,0.089771373,1.5108470585130152
39.0,0.089757268,0.004714633,8.1018e-05,0.000146751,7.9878634e-06,3.73573165e-06,3.5040509e-06,3.50733755e-06,495.6059576400433,1.5103160978667702,0.4147841640358863,1.5101416033232302,1.5104904806315025,89757.26800000001,7.987863400000001,0.089757268,1.5103160978667702
40.0,0.089763968,0.004701365,8.0798e-05,0.000147146,7.9881984e-06,3.73506825e-06,3.5040399e-06,3.5073573e-06,494.211214964215,1.5097289019738724,0.4147123347880813,1.5095540606168756,1.5099036310212368,89763.96800000001,7.988198400000001,0.089763968,1.5097289019738724
41.0,0.089768716,0.004690792,8.0442e-05,0.000147519,7.9884358e-06,3.7345396e-06,3.5040221e-06,3.50737595e-06,493.0997728243649,1.5092600683120962,0.4146550955178789,1.5090849493025522,1.5094350745860268,89768.716,7.9884358,0.089768716,1.5092600683120962
42.0,0.08977817,0.004716735,8.0641e-05,0.000147965,7.9889085e-06,3.73583675e-06,3.50403205e-06,3.50739825e-06,495.8269215460269,1.5104090089911908,0.4147955436770446,1.510234569228312,1.5105833370589803,89778.17000000001,7.988908500000001,0.08977817,1.5104090089911908
43.0,0.089785542,0.004711244,8.0474e-05,0.000148432,7.9892771e-06,3.7355622e-06,3.5040237e-06,3.5074216e-06,495.2497032740212,1.510166232861924,0.4147658169360362,1.5099916499028396,1.5103407039070076,89785.542,7.989277100000001,0.089785542,1.510166232861924
44.0,0.089793738,0.004691486,8.0693e-05,0.000148702,7.9896869e-06,3.7345743e-06,3.50403465e-06,3.5074351e-06,493.17272665440896,1.5092908668355736,0.4146588526401262,1.5091157660859194,1.5094658548776572,89793.738,7.989686900000001,0.089793738,1.5092908668355736
45.0,0.089796795,0.004686056,8.1353e-05,0.000149127,7.98983975e-06,3.7343028e-06,3.50406765e-06,3.50745635e-06,492.60192075075,1.5090497995856076,0.4146294561360877,1.5088745558347854,1.5092249304091432,89796.795,7.98983975,0.089796795,1.5090497995856076
46.0,0.089804926,0.004704121,8.0987e-05,0.000149636,7.990246299999999e-06,3.73520605e-06,3.50404935e-06,3.5074818e-06,494.50092786854,1.5098509773377904,0.4147272550026539,1.5096762081672996,1.5100256343092513,89804.92599999999,7.9902463,0.089804926,1.5098509773377904
47.0,0.089813338,0.004709938,8.128e-05,0.000150009,7.990666900000001e-06,3.7354969e-06,3.504064e-06,3.50750045e-06,495.1124155189239,1.5101084581883308,0.4147587466166487,1.5099338411259908,1.510282963284499,89813.338,7.990666900000002,0.089813338,1.5101084581883308
48.0,0.089799917,0.004704631,8.0913e-05,0.000150341,7.98999585e-06,3.73523155e-06,3.50404565e-06,3.50751705e-06,494.554539472751,1.5098735614762049,0.4147300160002709,1.5096988056554062,1.510048205118421,89799.91700000002,7.98999585,0.089799917,1.5098735614762049
49.0,0.089818618,0.00468477,8.217e-05,0.000150808,7.9909309e-06,3.7342385e-06,3.5041085e-06,3.5075404e-06,492.4667354115041,1.5089926757182164,0.4146224940911165,1.5088173980556965,1.509167840401311,89818.618,7.9909309,0.089818618,1.5089926757182164
50.0,0.0898073,0.004705897,8.307e-05,0.000151369,7.990365e-06,3.73529485e-06,3.5041535e-06,3.50756845e-06,494.6876223961455,1.509929615177207,0.4147368697708256,1.5097548924836213,1.5101042257429411,89807.30000000002,7.990365000000001,0.0898073,1.509929615177207
51.0,0.089822607,0.004708285,8.6922e-05,0.000151483,7.99113035e-06,3.73541425e-06,3.5043461e-06,3.50757415e-06,494.9386508488044,1.510035315379192,0.4147497977361375,1.5098606551276703,1.510209863598452,89822.607,7.99113035,0.089822607,1.510035315379192
52.0,0.08979093,0.004692649,9.7454e-05,0.00015196,7.989546500000001e-06,3.73463245e-06,3.5048727e-06,3.507598e-06,493.2949821361687,1.509342470949062,0.4146651487974368,1.5091674007881228,1.509517428449398,89790.93000000001,7.989546500000001,0.08979093,1.509342470949062
53.0,0.089789542,0.004702263,0.000112529,0.000152199,7.9894771e-06,3.73511315e-06,3.50562645e-06,3.50760995e-06,494.3056134359435,1.5097686843613924,0.4147171963093752,1.5095938665337505,1.5099433899154608,89789.542,7.989477100000001,0.089789542,1.5097686843613924
54.0,0.089811853,0.004703937,0.000127259,0.000152925,7.99059265e-06,3.73519685e-06,3.50636295e-06,3.50764625e-06,494.4815856427069,1.5098428288746868,0.4147262588780235,1.509668054887187,1.5100174906557782,89811.853,7.99059265,0.089811853,1.5098428288746868
55.0,0.089812569,0.004721165,0.000135362,0.000153122,7.99062845e-06,3.73605825e-06,3.5067681e-06,3.5076561e-06,496.2926066571152,1.510604716971951,0.4148195264602656,1.5104303925141802,1.510778929910731,89812.569,7.99062845,0.089812569,1.510604716971951
56.0,0.089818965,0.004699814,0.000139905,0.0001536,7.99094825e-06,3.7349907e-06,3.50699525e-06,3.50768e-06,494.0481726149379,1.50966017726237,0.4147039381070934,1.5094852952467832,1.5098349469060006,89818.96500000001,7.990948250000001,0.089818965,1.50966017726237
57.0,0.089795873,0.004699814,0.000144176,0.000154025,7.98979365e-06,3.7349907e-06,3.5072088e-06,3.50770125e-06,494.0481726149379,1.50966017726237,0.4147039381070934,1.5094852952467832,1.5098349469060006,89795.873,7.989793650000001,0.089795873,1.50966017726237
58.0,0.089810791,0.004709183,0.00014717,0.000154399,7.99053955e-06,3.73545915e-06,3.5073585e-06,3.50771995e-06,495.0330493205328,1.5100750529921148,0.4147546592574316,1.5099004162067575,1.5102495777811211,89810.79100000001,7.99053955,0.089810791,1.5100750529921148
59.0,0.089828895,0.004699446,0.000149034,0.000154824,7.99144475e-06,3.7349723e-06,3.5074517e-06,3.5077412e-06,494.0094881632719,1.5096438686566456,0.4147019458578327,1.5094689769905458,1.5098186479359954,89828.895,7.99144475,0.089828895,1.5096438686566456
60.0,0.089827117,0.00470159,0.000151892,0.000155353,7.99135585e-06,3.7350795e-06,3.5075946e-06,3.50776765e-06,494.2348671425435,1.50973887026757,0.4147135528752651,1.5095640348067845,1.5099135934277594,89827.117,7.991355850000001,0.089827117,1.50973887026757
61.0,0.089824103,0.004692466,0.000154027,0.000155716,7.99120515e-06,3.7346233e-06,3.50770135e-06,3.5077858e-06,493.2757450311283,1.509334351604626,0.4146641580865272,1.5091592766314208,1.5095093139098408,89824.103,7.991205150000001,0.089824103,1.509334351604626
62.0,0.089810151,0.004707836,0.000155629,0.000156567,7.99050755e-06,3.7353918e-06,3.50778145e-06,3.50782835e-06,494.89145161294016,1.5100154443964895,0.4147473669754906,1.5098407724088172,1.510190004333939,89810.15100000001,7.990507550000001,0.089810151,1.5100154443964895
63.0,0.089813382,0.004719491,0.000157744,0.00015636,7.9906691e-06,3.73597455e-06,3.5078872e-06,3.507818e-06,496.1166344503519,1.5105307797442125,0.4148104638916173,1.5103564117384276,1.5107050361645151,89813.382,7.9906691,0.089813382,1.5105307797442125
64.0,0.089814249,0.004699385,0.000160319,0.000156878,7.99071245e-06,3.73496925e-06,3.50801595e-06,3.5078439e-06,494.0030757949251,1.5096411652334951,0.4147016156208628,1.509466271967584,1.5098159461102032,89814.249,7.99071245,0.089814249,1.5096411652334951
65.0,0.089791526,0.004691894,0.000161408,0.000156993,7.9895763e-06,3.7345947e-06,3.5080704e-06,3.50784965e-06,493.2156159377778,1.5093089715436865,0.4146610614382197,1.509133881526648,1.5094839488696357,89791.526,7.9895763,0.089791526,1.5093089715436865
66.0,0.089806075,0.004699916,0.000163837,0.000157729,7.99030375e-06,3.7349958e-06,3.50819185e-06,3.50788645e-06,494.0588949357801,1.5096646974093566,0.4147044903066168,1.5094898180683962,1.5098394643824615,89806.075,7.990303750000001,0.089806075,1.5096646974093566
67.0,0.089801749,0.00471249,0.000165271,0.000157989,7.99008745e-06,3.7356245e-06,3.50826355e-06,3.50789945e-06,495.3806837815642,1.5102213418330994,0.4147725624321747,1.5100467913943951,1.5103957804075387,89801.74900000001,7.990087450000001,0.089801749,1.5102213418330994
68.0,0.089795006,0.004725614,0.000167574,0.000158518,7.9897503e-06,3.7362807e-06,3.5083787e-06,3.5079259e-06,496.7602890632623,1.510801122882247,0.4148436121041822,1.5106269140251842,1.5109752203967144,89795.006,7.989750300000001,0.089795006,1.510801122882247
69.0,0.08977663,0.004712898,0.000168715,0.000158798,7.9888315e-06,3.7356449e-06,3.50843575e-06,3.5079399e-06,495.4235730649331,1.5102393847215787,0.4147747712302682,1.5100648449281864,1.510413812666985,89776.63,7.988831500000001,0.08977663,1.5102393847215787
70.0,0.089794637,0.004689526,0.000171112,0.000159265,7.98973185e-06,3.7344763e-06,3.5085556e-06,3.50796325e-06,492.9666899009704,1.5092038764248803,0.4146482417473241,1.509028724092781,1.5093789159701818,89794.637,7.989731849999999,0.089794637,1.5092038764248803
71.0,0.089786344,0.004716919,0.000173939,0.000159524,7.9893172e-06,3.73584595e-06,3.50869695e-06,3.5079762e-06,495.84626377186,1.5104171405205913,0.414796539801675,1.5102427055508496,1.5105914638025664,89786.34400000001,7.9893172,0.089786344,1.5104171405205913
72.0,0.089790377,0.004720838,0.000176766,0.000160199,7.98951885e-06,3.7360419e-06,3.5088383e-06,3.50800995e-06,496.2582321579445,1.5105902756144076,0.4148177561735583,1.510415942652165,1.510764497044676,89790.37700000001,7.98951885,0.089790377,1.5105902756144076
73.0,0.089765562,0.004715266,0.000177373,0.000160541,7.988278099999999e-06,3.7357633e-06,3.50886865e-06,3.50802705e-06,495.6724991017405,1.510344080624054,0.4147875909211638,1.5101696025819575,1.5105184469125643,89765.56199999999,7.9882781,0.089765562,1.510344080624054
74.0,0.089769605,0.004702753,0.000178127,0.000161174,7.98848025e-06,3.73513765e-06,3.50890635e-06,3.5080587e-06,494.3571226243032,1.509790389447064,0.4147198490325757,1.5096155844549135,1.5099650821853066,89769.60500000001,7.988480250000001,0.089769605,1.509790389447064
75.0,0.089777259,0.004725329,0.000178535,0.000161216,7.98886295e-06,3.73626645e-06,3.50892675e-06,3.5080608e-06,496.73032963737967,1.5107885454942205,0.4148420691937492,1.510614329237819,1.5109626503967402,89777.259,7.988862950000001,0.089777259,1.5107885454942205
76.0,0.089769302,0.004732269,0.000178053,0.000161724,7.9884651e-06,3.73661345e-06,3.50890265e-06,3.5080862e-06,497.4598679378204,1.511094650959116,0.4148796404162219,1.510920614651423,1.5112685761872162,89769.302,7.988465100000001,0.089769302,1.511094650959116
77.0,0.08976026,0.004713367,0.000178074,0.000161952,7.988013e-06,3.73566835e-06,3.5089037e-06,3.5080976e-06,495.4728747166488,1.5102601237213034,0.4147773102653316,1.5100855961627195,1.5104345394506085,89760.26,7.988013,0.08976026,1.5102601237213034
78.0,0.089751468,0.004706101,0.000178284,0.000162492,7.9875734e-06,3.73530505e-06,3.5089142e-06,3.5081246e-06,494.70906703783,1.5099386464468874,0.4147379741698724,1.5097639290898122,1.5101132516842832,89751.46800000001,7.9875734,0.089751468,1.5099386464468874
79.001,0.089744378,0.004732881,0.000178462,0.000163042,7.9872189e-06,3.73664405e-06,3.5089231e-06,3.5081521e-06,497.5242018628737,1.5111216282045068,0.4148829536133621,1.5109476077423385,1.5112955376112167,89744.378,7.987218900000001,0.089744378,1.5111216282045068
80.0,0.089741982,0.004727186,0.000178294,0.000163457,7.9870991e-06,3.7363593e-06,3.5089147e-06,3.50817285e-06,496.9255389491835,1.5108704866731617,0.4148521224733071,1.5106963186146347,1.5110445434513096,89741.982,7.987099100000001,0.089741982,1.5108704866731617
81.0,0.08974092,0.004709183,0.000178734,0.000163654,7.987046e-06,3.73545915e-06,3.5089367e-06,3.5081827e-06,495.0330493205328,1.5100750529921148,0.4147546592574316,1.5099004162067575,1.5102495777811211,89740.92000000001,7.987046000000001,0.08974092,1.5100750529921148
82.0,0.089729266,0.004706836,0.000178933,0.000164121,7.9864633e-06,3.7353418e-06,3.50894665e-06,3.50820605e-06,494.7863308203695,1.5099711830948477,0.4147419532546731,1.5097964849613958,1.5101457691380509,89729.266,7.986463300000001,0.089729266,1.5099711830948477
83.0,0.089728052,0.004735208,0.000179163,0.000164547,7.9864026e-06,3.7367604e-06,3.50895815e-06,3.50822735e-06,497.76881794718577,1.511224179075059,0.4148955513417042,1.511050218827943,1.5113980283584032,89728.05200000001,7.986402600000001,0.089728052,1.511224179075059
84.0,0.089732908,0.004738413,0.000178943,0.000165003,7.9866454e-06,3.73692065e-06,3.50894715e-06,3.50825015e-06,498.10573008737487,1.511365360257102,0.4149129023169239,1.511191482856245,1.511539126820267,89732.90800000001,7.9866454,0.089732908,1.511365360257102
85.0,0.089717471,0.004727635,0.000179446,0.00016547,7.98587355e-06,3.73638175e-06,3.5089723e-06,3.5082735e-06,496.9727381850477,1.5108902953533256,0.414854553233954,1.510716138943261,1.5110643405007715,89717.47099999999,7.98587355,0.089717471,1.5108902953533256
86.0,0.089713622,0.004713224,0.000179341,0.00016548,7.9856811e-06,3.7356612e-06,3.50896705e-06,3.508274e-06,495.4578424433112,1.510253800483711,0.4147765361032546,1.5100792691949196,1.5104282199375187,89713.62200000002,7.985681100000001,0.089713622,1.510253800483711
87.0,0.089732768,0.004724573,0.00017932,0.000166144,7.986638400000001e-06,3.73622865e-06,3.508966e-06,3.5083072e-06,496.6508583181961,1.5107551795038094,0.4148379764208112,1.510580943615734,1.510929304008056,89732.76800000001,7.986638400000001,0.089732768,1.5107551795038094
88.0,0.08972597,0.004717388,0.000179561,0.000166321,7.986298500000001e-06,3.7358694e-06,3.50897805e-06,3.50831605e-06,495.8955654235757,1.510437865983563,0.4147990788367383,1.5102634432295663,1.510612177068456,89725.97,7.986298500000001,0.08972597,1.510437865983563
89.0,0.089736508,0.004712877,0.000179016,0.000166892,7.986825400000001e-06,3.73564385e-06,3.5089508e-06,3.5083446e-06,495.42136552828913,1.5102384560726898,0.414774657542131,1.5100639157314184,1.5104128845651374,89736.50800000002,7.986825400000002,0.089736508,1.5102384560726898
90.0,0.08973344,0.00469367,0.000179728,0.000167275,7.986672e-06,3.7346835e-06,3.5089864e-06,3.50836375e-06,493.4023104653834,1.509387766229804,0.4146706762063914,1.509212722911334,1.5095626969288771,89733.44,7.986671999999999,0.08973344,1.509387766229804
91.0,0.089723498,0.004725512,0.000179603,0.000167774,7.9861749e-06,3.7362756e-06,3.50898015e-06,3.5083887e-06,496.7495667424201,1.5107966215679982,0.4148430599046588,1.510622410062844,1.5109707217265167,89723.498,7.9861749,0.089723498,1.5107966215679982
92.0,0.089727336,0.00473333,0.000179802,0.00016795,7.9863668e-06,3.7366665e-06,3.5089901e-06,3.5083975e-06,497.5714010987379,1.5111414186356174,0.4148853843740092,1.510967409796296,1.5113153164371804,89727.33600000001,7.986366800000001,0.089727336,1.5111414186356174
93.0,0.089709904,0.004720226,0.000179718,0.000168261,7.9854952e-06,3.7360113e-06,3.5089859e-06,3.50841305e-06,496.19389823289134,1.5105632456944926,0.414814442976418,1.5103888968127293,1.5107374830199765,89709.904,7.9854952,0.089709904,1.5105632456944926
94.0,0.089710468,0.004696446,0.000179456,0.000169039,7.985523400000001e-06,3.7348223e-06,3.5089728e-06,3.50845195e-06,493.6941257855597,1.5095108815718117,0.4146857046953804,1.509335911181464,1.509685739454672,89710.46800000001,7.985523400000002,0.089710468,1.5095108815718117
95.0,0.089704104,0.004701284,0.000179372,0.000169257,7.985205200000001e-06,3.7350642e-06,3.5089686e-06,3.50846285e-06,494.2027001800169,1.5097253132987145,0.414711896276695,1.5095504698189552,1.5099000444655872,89704.104,7.985205200000002,0.089704104,1.5097253132987145
96.0,0.089702499,0.004744454,0.000180356,0.000169735,7.98512495e-06,3.7372227e-06,3.5090178e-06,3.50848675e-06,498.7407647952946,1.511631269441877,0.4149456066043818,1.5114575479169858,1.5118048803660775,89702.49900000001,7.98512495,0.089702499,1.511631269441877
97.0,0.089688861,0.004724288,0.000180377,0.000170357,7.98444305e-06,3.7362144e-06,3.50901885e-06,3.50851785e-06,496.6208988923136,1.5107425999941262,0.4148364335103783,1.5105683567037302,1.5109167318893997,89688.861,7.984443049999999,0.089688861,1.5107425999941262
98.0,0.089706164,0.004693282,0.000180095,0.00017071,7.9853082e-06,3.7346641e-06,3.50900475e-06,3.5085355e-06,493.3615235978659,1.509370554024779,0.4146685756827142,1.5091955005069029,1.5095454949076026,89706.164,7.9853082,0.089706164,1.509370554024779
99.0,0.089706955,0.004704754,0.000180231,0.000170949,7.98534775e-06,3.7352377e-06,3.50901155e-06,3.50854745e-06,494.56746933023726,1.509879007958419,0.4147306818879313,1.5097042553568558,1.51005364838633,89706.955,7.985347750000001,0.089706955,1.509879007958419
100.0,0.089718685,0.004723165,0.000180597,0.000171519,7.985934250000001e-06,3.73615825e-06,3.50902985e-06,3.50857595e-06,496.5028482422566,1.5106930266563832,0.4148303539019004,1.5105187541902996,1.5108671876828297,89718.68500000001,7.9859342500000015,0.089718685,1.5106930266563832
101.0,0.08969452,0.004730085,0.00018044,0.000171883,7.984726e-06,3.73650425e-06,3.509022e-06,3.50859415e-06,497.230284126846,1.5109983574428774,0.4148678168499566,1.51082426455785,1.5111723391621128,89694.52,7.984726,0.08969452,1.5109983574428774
102.0,0.089694564,0.00469665,0.000180869,0.000172204,7.9847282e-06,3.7348325e-06,3.50904345e-06,3.5086102e-06,493.7155704272442,1.5095199267545878,0.4146868090944272,1.509344961720403,1.5096947792895026,89694.56400000001,7.9847282,0.089694564,1.5095199267545878
103.0,0.089705166,0.004703182,0.000180566,0.000172567,7.9852583e-06,3.7351591e-06,3.5090283e-06,3.50862835e-06,494.4022194443161,1.5098093910493255,0.4147221715188064,1.5096345972927727,1.509984072569185,89705.16600000001,7.9852583,0.089705166,1.5098093910493255
104.0,0.089694499,0.004722532,0.000180273,0.000171997,7.98472495e-06,3.7361266e-06,3.50901365e-06,3.50859985e-06,496.4363067805594,1.5106650797384198,0.4148269270166229,1.510490790821322,1.5108392571907752,89694.499,7.984724949999999,0.089694499,1.5106650797384198
105.0,0.089698044,0.004721675,0.000180597,0.000171685,7.9849022e-06,3.73608375e-06,3.50902985e-06,3.50858425e-06,496.3462182613262,1.510627238661646,0.4148222874578824,1.51045292746558,1.5108014383589643,89698.04400000001,7.984902200000001,0.089698044,1.510627238661646
106.0,0.089693805,0.004706039,0.000180105,0.00017153,7.98469025e-06,3.73530195e-06,3.50900525e-06,3.5085765e-06,494.70254954869057,1.5099359016809482,0.4147376385191818,1.509761182702037,1.510110508537696,89693.80500000001,7.984690250000001,0.089693805,1.5099359016809482
107.0,0.089686574,0.004713122,0.000180639,0.000170637,7.9843287e-06,3.7356561e-06,3.50903195e-06,3.50853185e-06,495.4471201224689,1.510249290112595,0.4147759839037314,1.5100747561629708,1.5104237122231683,89686.57400000001,7.984328700000001,0.089686574,1.510249290112595
108.001,0.08967428,0.004723839,0.000180335,0.000170596,7.983714e-06,3.73619195e-06,3.50901675e-06,3.5085298e-06,496.5736996564492,1.5107227805703238,0.4148340027497313,1.5105485256163709,1.5108969241113603,89674.28,7.983714,0.08967428,1.5107227805703238
109.0,0.089666572,0.004728186,0.000180273,0.000170399,7.9833286e-06,3.7364093e-06,3.50901365e-06,3.50851995e-06,497.0306597417541,1.5109146020328057,0.4148575361941245,1.5107404599146377,1.5110886329101418,89666.572,7.9833286,0.089666572,1.5109146020328057
110.0,0.089676633,0.004723145,0.000179885,0.000169745,7.98383165e-06,3.73615725e-06,3.50899425e-06,3.50848725e-06,496.50074582640514,1.510692143701266,0.414830245627484,1.5105178707154645,1.510866305246637,89676.63300000002,7.98383165,0.089676633,1.510692143701266
111.0,0.089650712,0.004712388,0.00018,0.000169569,7.9825356e-06,3.7356194e-06,3.509e-06,3.50847845e-06,495.369961460722,1.5102168309240958,0.4147720102326513,1.5100422778238003,1.510391272156056,89650.712,7.982535600000001,0.089650712,1.5102168309240958
112.0,0.089663255,0.004725655,0.000180346,0.000169091,7.98316275e-06,3.73628275e-06,3.5090173e-06,3.50845455e-06,496.76459901575765,1.510802932213095,0.4148438340667357,1.5106287244204308,1.510977028664786,89663.255,7.98316275,0.089663255,1.510802932213095
113.0,0.089669022,0.004725451,0.00017998,0.000168355,7.9834511e-06,3.73627255e-06,3.508999e-06,3.50841775e-06,496.7431543740733,1.5107939295700104,0.4148427296676888,1.5106197164811446,1.510968031309825,89669.02200000001,7.9834511,0.089669022,1.5107939295700104
114.0,0.089644174,0.004734677,0.000180116,0.000168189,7.9822087e-06,3.73673385e-06,3.5090058e-06,3.50840945e-06,497.7129988063306,1.5112007813073858,0.4148926766559502,1.5110268073245148,1.5113746443055756,89644.174,7.9822087,0.089644174,1.5112007813073858
115.0,0.089644294,0.004725431,0.000179739,0.000167691,7.9822147e-06,3.73627155e-06,3.50898695e-06,3.50838455e-06,496.74105195822193,1.510793046941928,0.4148426213932726,1.5106188333338042,1.5109671492002092,89644.29400000001,7.982214700000001,0.089644294,1.510793046941928
116.0,0.089627414,0.004719389,0.000180116,0.000166923,7.9813707e-06,3.73596945e-06,3.5090058e-06,3.50834615e-06,496.1059121295097,1.5105262739595209,0.4148099116920939,1.5103519032993609,1.510700533030147,89627.414,7.981370700000001,0.089627414,1.5105262739595209
117.0,0.089642277,0.004732146,0.000180063,0.000167037,7.98211385e-06,3.7366073e-06,3.50900315e-06,3.50835185e-06,497.4469380803342,1.5110892287394273,0.4148789745285613,1.5109151892466413,1.5112631571477673,89642.27700000002,7.98211385,0.089642277,1.5110892287394273
118.0,0.089634895,0.004727431,0.000179948,0.000166559,7.981744750000001e-06,3.73637155e-06,3.5089974e-06,3.50832795e-06,496.9512935433633,1.5108812955970032,0.4148534488349074,1.5107071338947924,1.5110553460285263,89634.895,7.981744750000002,0.089634895,1.5108812955970032
119.0,0.089631729,0.004709918,0.00017931,0.000166051,7.98158645e-06,3.7354959e-06,3.5089655e-06,3.50830255e-06,495.1103131030723,1.51010757333534,0.4147586383422323,1.5099329557506105,1.5102820789530984,89631.72899999999,7.981586450000001,0.089631729,1.51010757333534
120.001,0.089619674,0.004726043,0.000179372,0.000165729,7.9809837e-06,3.73630215e-06,3.5089686e-06,3.50828645e-06,496.8053858832751,1.5108200540661345,0.4148459345904128,1.5106458563454852,1.5109941404611733,89619.674,7.9809837,0.089619674,1.5108200540661345
121.0,0.089615782,0.004740107,0.000179121,0.0001652,7.9807891e-06,3.73700535e-06,3.50895605e-06,3.50826e-06,498.2838047099897,1.5114399519223536,0.4149220731599886,1.5112661182684384,1.5116136748051203,89615.782,7.9807891,0.089615782,1.5114399519223536
122.0,0.089610134,0.004746394,0.000179498,0.000164723,7.9805067e-06,3.7373197e-06,3.5089749e-06,3.50823615e-06,498.94469913288174,1.5117166082404416,0.4149561092227676,1.5115429366964257,1.5118901692597,89610.13399999999,7.9805067,0.089610134,1.5117166082404416
123.0,0.089599282,0.004721124,0.000179917,0.000164463,7.9799641e-06,3.7360562e-06,3.50899585e-06,3.50822315e-06,496.2882967046198,1.5106029063238515,0.414819304497712,1.51042858079983,1.5107771203272549,89599.282,7.9799641,0.089599282,1.5106029063238515
124.0,0.089585026,0.00473333,0.000179645,0.000164318,7.9792513e-06,3.7366665e-06,3.50898225e-06,3.5082159e-06,497.5714010987379,1.5111414186356174,0.4148853843740092,1.510967409796296,1.5113153164371804,89585.026,7.979251300000001,0.089585026,1.5111414186356174
125.0,0.089582044,0.004742944,0.000179613,0.00016355,7.9791022e-06,3.7371472e-06,3.50898065e-06,3.5081775e-06,498.5820323985127,1.5115648274558082,0.4149374318859475,1.5113910670024069,1.5117384772493565,89582.04400000001,7.979102200000001,0.089582044,1.5115648274558082
126.0,0.089595205,0.004734085,0.000179037,0.000163218,7.97976025e-06,3.73670425e-06,3.50895185e-06,3.5081609e-06,497.6507672971288,1.5111746932922283,0.4148894717332262,1.5110007039923488,1.511348571584104,89595.205,7.979760250000001,0.089595205,1.5111746932922283
127.001,0.089580429,0.004722491,0.000179571,0.000162949,7.97902145e-06,3.73612455e-06,3.50897855e-06,3.50814745e-06,496.4319968280639,1.5106632694916031,0.4148267050540695,1.5104889795088183,1.5108374480080182,89580.429,7.979021450000001,0.089580429,1.5106632694916031
128.0,0.089593362,0.004733167,0.000178702,0.000162554,7.9796681e-06,3.73665835e-06,3.5089351e-06,3.5081277e-06,497.55426640954886,1.5111342343022958,0.4148845019375159,1.5109602212437774,1.5113081363166303,89593.362,7.9796681,0.089593362,1.5111342343022958
129.0,0.089589156,0.004749598,0.000179257,0.000162004,7.9794578e-06,3.7374799e-06,3.50896285e-06,3.5081002e-06,499.2815061522783,1.5118574907831135,0.4149734547842665,1.5116839017030927,1.5120309694635965,89589.156,7.979457800000001,0.089589156,1.5118574907831135
130.0,0.089583898,0.004747965,0.000178838,0.000161818,7.9791949e-06,3.73739825e-06,3.5089419e-06,3.5080909e-06,499.1098438980103,1.5117856955089088,0.4149646141781717,1.5116120644117326,1.5119592161427555,89583.898,7.979194899999999,0.089583898,1.5117856955089088
131.0,0.089577383,0.004719144,0.000178933,0.000161164,7.97886915e-06,3.7359572e-06,3.50894665e-06,3.5080582e-06,496.08015753532976,1.5105154509367589,0.4148085853304937,1.5103410739004628,1.5106897163737831,89577.383,7.97886915,0.089577383,1.5105154509367589
132.0,0.089593558,0.004724145,0.000179079,0.00016077,7.9796779e-06,3.73620725e-06,3.50895395e-06,3.5080385e-06,496.6058666189759,1.5107362879510755,0.4148356593483014,1.510562040946226,1.510910423555137,89593.558,7.979677900000001,0.089593558,1.5107362879510755
133.0,0.089602436,0.00474323,0.000178954,0.000160552,7.9801218e-06,3.7371615e-06,3.5089477e-06,3.5080276e-06,498.612096945188,1.511577413074833,0.4149389802101013,1.5114036599963856,1.511751055504637,89602.436,7.980121800000001,0.089602436,1.511577413074833
134.0,0.089581806,0.004748557,0.000178399,0.000159877,7.9790903e-06,3.73742785e-06,3.50891995e-06,3.50799385e-06,499.1720754072121,1.5118117251282064,0.4149678191008956,1.5116381092662672,1.5119852305499497,89581.806,7.979090300000001,0.089581806,1.5118117251282064
135.0,0.089585188,0.004733861,0.000178671,0.000159732,7.9792594e-06,3.73669305e-06,3.50893355e-06,3.5079866e-06,497.6272202395929,1.5111648215000977,0.4148882590597632,1.5109908264036804,1.5113387055796843,89585.188,7.979259399999999,0.089585188,1.5111648215000977
136.0,0.089604106,0.004732595,0.000178179,0.000159068,7.9802053e-06,3.73662975e-06,3.50890895e-06,3.5079534e-06,497.4941373161984,1.511109021523544,0.4148814052892083,1.510934993656907,1.5112829383234443,89604.106,7.980205300000001,0.089604106,1.511109021523544
137.0,0.089601623,0.004767479,0.00017842,0.000158653,7.98008115e-06,3.73837395e-06,3.508921e-06,3.50793265e-06,501.1611710442352,1.5126424002020606,0.4150702575262023,1.5124692694788164,1.5128154212203286,89601.623,7.980081150000001,0.089601623,1.5126424002020606
138.0,0.089611781,0.004746251,0.000178168,0.000158674,7.98058905e-06,3.73731255e-06,3.5089084e-06,3.5079337e-06,498.92966685954406,1.5117103187148206,0.4149553350606907,1.5115366434879234,1.5118838834113673,89611.781,7.980589050000001,0.089611781,1.5117103187148206
139.0,0.089617549,0.004728676,0.000177572,0.000158082,7.980877450000001e-06,3.7364338e-06,3.5088786e-06,3.5079041e-06,497.0821689301139,1.5109362159515327,0.414860188917325,1.5107620865404805,1.5111102341411258,89617.54900000001,7.980877450000001,0.089617549,1.5109362159515327
140.0,0.089609928,0.004727553,0.000178284,0.000157802,7.9804964e-06,3.73637765e-06,3.5089142e-06,3.5078901e-06,496.9641182800569,1.510886677839951,0.4148541093088471,1.5107125193027011,1.5110607251113382,89609.92800000001,7.9804964,0.089609928,1.510886677839951
141.0,0.089613375,0.004744659,0.000177917,0.00015719,7.98066875e-06,3.73723295e-06,3.50889585e-06,3.5078595e-06,498.7623145577716,1.511640288463515,0.4149467164171494,1.5114665722218736,1.511813894112493,89613.375,7.980668749999999,0.089613375,1.511640288463515
142.0,0.089626493,0.00474721,0.000177739,0.000156878,7.98132465e-06,3.7373605e-06,3.50888695e-06,3.5078439e-06,499.0304776996194,1.511752495345834,0.4149605268189545,1.5115788448135437,1.5119260353852817,89626.493,7.98132465,0.089626493,1.511752495345834
143.0,0.089630764,0.004729207,0.00017797,0.000156121,7.9815382e-06,3.73646035e-06,3.5088985e-06,3.50780605e-06,497.1379880709689,1.5109596364460738,0.414863063603079,1.510785520802666,1.5111336408890064,89630.76400000001,7.981538200000001,0.089630764,1.5109596364460738
144.0,0.089626005,0.004722246,0.000177865,0.000155945,7.98130025e-06,3.7361123e-06,3.50889325e-06,3.50779725e-06,496.40624223388414,1.5106524519122773,0.4148253786924692,1.5104781555610134,1.5108266367874523,89626.005,7.98130025,0.089626005,1.5106524519122773
145.0,0.089622883,0.004744903,0.000177352,0.000155415,7.98114415e-06,3.73724515e-06,3.5088676e-06,3.50777075e-06,498.7879640311588,1.5116510229102285,0.4149480373650288,1.5114773129563996,1.511824622280949,89622.883,7.98114415,0.089622883,1.5116510229102285
146.0,0.089619782,0.004753313,0.000176745,0.000155322,7.9809891e-06,3.73766565e-06,3.50883725e-06,3.5077661e-06,499.6720298966785,1.512020751377168,0.414993566757103,1.5118472577859186,1.5121941347137788,89619.78199999999,7.9809891,0.089619782,1.512020751377168
147.0,0.089618633,0.004734698,0.0001762,0.000154855,7.98093165e-06,3.7367349e-06,3.50881e-06,3.50774275e-06,497.7152063429746,1.511201706680981,0.4148927903440874,1.5110277332413853,1.511375569136722,89618.633,7.98093165,0.089618633,1.511201706680981
148.0,0.089620378,0.004722491,0.000175394,0.000154388,7.9810189e-06,3.73612455e-06,3.5087697e-06,3.5077194e-06,496.4319968280639,1.5106632694916031,0.4148267050540695,1.5104889795088183,1.5108374480080182,89620.37800000001,7.981018900000001,0.089620378,1.5106632694916031
149.0,0.089609754,0.004736371,0.000175059,0.000153776,7.9804877e-06,3.73681855e-06,3.50875295e-06,3.5076888e-06,497.8910734289454,1.511275418016942,0.4149018474990149,1.511101487844141,1.5114492372717503,89609.754,7.9804877,0.089609754,1.511275418016942
150.0,0.08961743,0.004738576,0.000175028,0.000153734,7.9808715e-06,3.7369288e-06,3.5087514e-06,3.5076867e-06,498.1228647765639,1.5113725385008476,0.4149137847534171,1.5111986653106506,1.5115463008597585,89617.43000000001,7.980871500000001,0.08961743,1.5113725385008476
151.0,0.089605353,0.004737269,0.000173248,0.000153205,7.98026765e-06,3.73686345e-06,3.5086624e-06,3.50766025e-06,497.98547190067393,1.511314975116397,0.4149067090203088,1.5111410681559696,1.5114887711941558,89605.353,7.980267650000001,0.089605353,1.511314975116397
152.0,0.089605244,0.00470704,0.000171552,0.000152666,7.9802622e-06,3.735352e-06,3.5085776e-06,3.5076333e-06,494.8077754620538,1.5099802129849509,0.4147430576537199,1.5098055201860632,1.5101547937017574,89605.244,7.9802622,0.089605244,1.5099802129849509
153.0,0.089594056,0.004722981,0.000170861,0.000152292,7.979702800000001e-06,3.73614905e-06,3.50854305e-06,3.5076146e-06,496.4835060164236,1.5106849033613303,0.41482935777727,1.5105106261136927,1.5108590691620334,89594.05600000001,7.979702800000001,0.089594056,1.5106849033613303
154.0,0.089591834,0.004743515,0.000166621,0.000152085,7.9795917e-06,3.73717575e-06,3.50833105e-06,3.50760425e-06,498.6420563710706,1.511589954110359,0.4149405231205343,1.5114162083802702,1.5117635892029726,89591.834,7.979591700000001,0.089591834,1.511589954110359
155.0,0.089582738,0.004738943,0.000165281,0.000151535,7.979136899999999e-06,3.73694715e-06,3.50826405e-06,3.50757675e-06,498.1614441074373,1.5113886998669823,0.4149157715889572,1.5112148361562587,1.511562452760841,89582.738,7.979136899999999,0.089582738,1.5113886998669823
156.0,0.089583833,0.004720818,0.000159754,0.000151172,7.97919165e-06,3.7360409e-06,3.5079877e-06,3.5075586e-06,496.2561297420932,1.510589392326097,0.4148176478991419,1.510415058843668,1.5107636142757572,89583.833,7.979191650000001,0.089583833,1.510589392326097
157.0,0.089583009,0.004719001,0.000151829,0.000150767,7.97915045e-06,3.73595005e-06,3.50759145e-06,3.50753835e-06,496.0651252619921,1.510509133626687,0.4148078111684167,1.51033475286853,1.5106834027798886,89583.009,7.979150450000001,0.089583009,1.510509133626687
158.0,0.089587866,0.004743393,0.000141768,0.000150341,7.979393300000001e-06,3.73716965e-06,3.5070884e-06,3.50751705e-06,498.62923163437705,1.5115845857376884,0.4149398626465945,1.511410836862085,1.5117582239710357,89587.86600000001,7.979393300000002,0.089587866,1.5115845857376884
159.0,0.089590219,0.004736249,0.000121804,0.000150009,7.97951095e-06,3.73681245e-06,3.5060902e-06,3.50750045e-06,497.8782486922518,1.5112700434468735,0.4149011870250751,1.5110961101198763,1.5114438658510758,89590.219,7.97951095,0.089590219,1.5112700434468735
160.0,0.089594533,0.004714265,0.000120307,0.000149345,7.97972665e-06,3.73571325e-06,3.50601535e-06,3.50746725e-06,495.5672731883772,1.5102998285275988,0.4147821717866256,1.5101253243889396,1.510474220872783,89594.53300000001,7.979726650000001,0.089594533,1.5102998285275988
161.0,0.089596062,0.004725002,0.000116999,0.000149252,7.979803100000001e-06,3.7362501e-06,3.50584995e-06,3.5074626e-06,496.69595513820906,1.510774113880914,0.4148402989070419,1.510599889133739,1.510948227261255,89596.062,7.979803100000002,0.089596062,1.510774113880914
162.0,0.089593026,0.004733881,0.000111283,0.000148941,7.9796513e-06,3.73669405e-06,3.50556415e-06,3.50744705e-06,497.6293226554444,1.5111657029246477,0.4148883673341795,1.5109917083457989,1.5113395864874544,89593.02600000001,7.9796513,0.089593026,1.5111657029246477
163.0,0.089599683,0.00472343,0.000104918,0.000148328,7.97998415e-06,3.7361715e-06,3.5052459e-06,3.5074164e-06,496.5307052522879,1.5107047255414645,0.414831788537917,1.5105304599612586,1.510878879692539,89599.683,7.979984150000001,0.089599683,1.5107047255414645
164.0,0.089615478,0.00472243,0.000102155,0.000147903,7.9807739e-06,3.7361215e-06,3.50510775e-06,3.50739515e-06,496.42558445971713,1.5106605761752896,0.4148263748170995,1.510486284606941,1.51083475627485,89615.478,7.980773900000001,0.089615478,1.5106605761752896
165.0,0.089602957,0.004721879,9.581e-05,0.000147405,7.98014785e-06,3.73609395e-06,3.5047905e-06,3.50737025e-06,496.3676629030107,1.5106362468160437,0.4148233918569292,1.5104619409239262,1.5108104412175092,89602.957,7.980147850000001,0.089602957,1.5106362468160437
166.0,0.089589059,0.004738453,9.6009e-05,0.000147031,7.97945295e-06,3.73692265e-06,3.50480045e-06,3.50735155e-06,498.1099349190777,1.511367121806811,0.4149131188657566,1.5111932454392694,1.5115408873382323,89589.05900000001,7.97945295,0.089589059,1.511367121806811
167.0,0.089609928,0.004738719,8.9351e-05,0.000146886,7.9804964e-06,3.73693595e-06,3.50446755e-06,3.5073443e-06,498.1378970499015,1.5113788358228384,0.4149145589154941,1.5112049663264375,1.5115525944935722,89609.92800000001,7.9804964,0.089609928,1.5113788358228384
168.0,0.089607412,0.004723104,8.9194e-05,0.000146098,7.9803706e-06,3.7361552e-06,3.5044597e-06,3.5073049e-06,496.4964358739097,1.510690333634327,0.4148300236649305,1.5105160595830918,1.5108644962435052,89607.412,7.9803706,0.089607412,1.510690333634327
169.0,0.089608193,0.004719593,8.9749e-05,0.000145932,7.98040965e-06,3.73597965e-06,3.50448745e-06,3.5072966e-06,496.12735677119406,1.5105352854543463,0.4148110160911407,1.5103609201028332,1.5107095392244314,89608.19300000001,7.980409650000001,0.089608193,1.5105352854543463
170.0,0.089621267,0.004729227,8.8932e-05,0.000145475,7.98106335e-06,3.73646135e-06,3.5044466e-06,3.50727375e-06,497.1400904868202,1.510960518534587,0.4148631718774954,1.5107864034096792,1.5111345224598094,89621.267,7.98106335,0.089621267,1.510960518534587
171.0,0.089618817,0.00472737,8.8807e-05,0.000145164,7.98094085e-06,3.7363685e-06,3.50444035e-06,3.5072582e-06,496.94488117501646,1.5108786044356537,0.4148531185979375,1.5107044411509054,1.5110526564473004,89618.81700000001,7.98094085,0.089618817,1.5108786044356537
172.0,0.089643838,0.004717878,8.0798e-05,0.000144801,7.982191900000001e-06,3.7358939e-06,3.5040399e-06,3.50724005e-06,495.9470746119353,1.510459517767269,0.4148017315599388,1.5102851077736197,1.5106338161113084,89643.838,7.982191900000002,0.089643838,1.510459517767269
173.0,0.089642451,0.004701528,8.0285e-05,0.000144354,7.98212255e-06,3.7350764e-06,3.50401425e-06,3.5072177e-06,494.22834965340405,1.5097361234853233,0.4147132172245745,1.5095612863998555,1.5099108482677046,89642.451,7.982122550000001,0.089642451,1.5097361234853233
174.0,0.089640987,0.004714225,8.0547e-05,0.000143898,7.98204935e-06,3.73571125e-06,3.50402735e-06,3.5071949e-06,495.5630683566744,1.5102980600625766,0.4147819552377929,1.5101235548808878,1.5104724534491962,89640.98700000001,7.98204935,0.089640987,1.5102980600625766
175.0,0.089657542,0.004726962,8.0369e-05,0.000143514,7.9828771e-06,3.7363481e-06,3.50401845e-06,3.5071757e-06,496.9019918916477,1.510860603853189,0.414850909799844,1.5106864299826457,1.511034666434491,89657.54200000002,7.9828771,0.089657542,1.510860603853189
176.0,0.089656869,0.004710346,8.0599e-05,0.000143005,7.98284345e-06,3.7355173e-06,3.50402995e-06,3.50715025e-06,495.15530480229256,1.510126508561392,0.4147609554147422,1.5099519021549124,1.5103010030180033,89656.869,7.982843450000001,0.089656869,1.510126508561392
177.0,0.089658701,0.004702345,7.9751e-05,0.000142705,7.98293505e-06,3.73511725e-06,3.50398755e-06,3.50713525e-06,494.3142333409344,1.5097723167616952,0.4147176402344823,1.5095975010822038,1.5099470201709044,89658.701,7.98293505,0.089658701,1.5097723167616952
178.0,0.089687441,0.00470706,8.0411e-05,0.000142144,7.98437205e-06,3.735353e-06,3.50402055e-06,3.5071072e-06,494.8098778779053,1.5099810982521653,0.4147431659281363,1.5098064059762513,1.5101556784467989,89687.441,7.98437205,0.089687441,1.5099810982521653
179.0,0.08967119,0.004719981,8.0432e-05,0.000141843,7.9835595e-06,3.73599905e-06,3.5040216e-06,3.50709215e-06,496.16814363871146,1.5105524241411463,0.4148131166148178,1.5103780688853143,1.510726667830966,89671.19,7.9835595,0.08967119,1.5105524241411463
180.0,0.08967016,0.004720144,8.0201e-05,0.000141563,7.983508e-06,3.7360072e-06,3.50401005e-06,3.50707815e-06,496.1852783279005,1.5105596238347216,0.414813999051311,1.5103852728196645,1.5107338632902427,89670.16,7.983508,0.08967016,1.5105596238347216
181.0,0.089677944,0.004698487,8.0212e-05,0.000141086,7.9838972e-06,3.73492435e-06,3.5040106e-06,3.5070543e-06,493.9086773231966,1.5096013641893795,0.4146967540995687,1.5094264473677566,1.50977616858568,89677.944,7.9838972,0.089677944,1.5096013641893795
182.0,0.089690964,0.004708958,7.9992e-05,0.000140733,7.9845482e-06,3.7354479e-06,3.5039996e-06,3.50703665e-06,495.0093971422045,1.510065097008053,0.4147534411702477,1.5098904543438574,1.510239627666903,89690.964,7.984548200000001,0.089690964,1.510065097008053
183.001,0.08969748,0.004729676,8.0631e-05,0.00014037,7.984874e-06,3.7364838e-06,3.50403155e-06,3.5070185e-06,497.1872897226846,1.5109803206700143,0.4148656026381424,1.5108062171843797,1.5111543129737035,89697.48,7.984874,0.08969748,1.5109803206700143
184.001,0.089715975,0.004709346,8.017e-05,0.000139882,7.98579875e-06,3.7354673e-06,3.5040085e-06,3.5069941e-06,495.0501840097219,1.5100822653219514,0.4147555416939248,1.5099076327951662,1.5102567858589035,89715.975,7.985798750000001,0.089715975,1.5100822653219514
185.0,0.089709459,0.004698467,7.9961e-05,0.000139571,7.98547295e-06,3.73492335e-06,3.50399805e-06,3.50697855e-06,493.9065749073451,1.5096004776855625,0.4146966458251525,1.5094255603392193,1.509775282605778,89709.459,7.985472950000001,0.089709459,1.5096004776855625
